id,human_score,layout_score,text_score,final_score,layout_reason,text_reason,final_reason
295,3.888888888888889,3.0,3.5,3.25,"코드의 빈 줄 비율이 높아 블록들이 분리되어 있으며, 전반적으로 행 밀도가 낮아 가독성이 떨어진다.","The code has a good structure with meaningful names and adequate comments, but the complexity and length of the method could be improved for better readability.","레이아웃과 텍스트 평가 모두 가독성에 대한 문제를 지적하고 있으며, 특히 빈 줄 비율과 메서드의 복잡성이 가독성을 저해하고 있다. 따라서 두 평가의 중간 점수를 반영하여 최종 점수를 산출하였다."
185,3.2148760330578514,2.5,3.5,3.0,"들여쓰기와 빈 줄 비율이 불균형하며, 블록 전환이 적어 가독성이 떨어진다.","The code has consistent naming conventions and indentation, but lacks comments for clarity and has a moderate depth of nesting.",레이아웃에서의 불균형과 가독성 저하가 텍스트의 일관성과 명명 규칙을 상쇄하여 중간 정도의 가독성 점수를 부여합니다.
316,3.111111111111111,2.5,3.5,3.0,"들여쓰기와 빈 줄 비율이 불균형하여 가독성이 떨어지고, 코드 블록 간의 구분이 명확하지 않음.","코드는 전반적으로 잘 구조화되어 있지만, 중첩된 익명 클래스와 긴 라인 길이로 인해 가독성이 다소 떨어지며, 주석이 부족하여 코드의 의도를 이해하기 어려울 수 있다.","레이아웃과 텍스트 모두에서 가독성에 대한 문제점이 존재하지만, 텍스트 평가에서 구조화된 코드와 일부 긍정적인 요소가 있어 중간 점수를 부여하였다."
321,3.3333333333333335,2.5,3.5,3.0,"들여쓰기와 빈 줄 비율이 불균형하여 가독성이 떨어지며, 블록 구분이 명확하지 않음.","The code demonstrates good consistency in naming and indentation, but the lack of comments and high average line length reduces readability and understanding.","레이아웃에서의 가독성 문제와 텍스트의 일관성은 상반된 평가를 보이나, 전반적으로 가독성이 떨어지는 요소가 더 많아 중간 점수를 부여하였다."
150,2.793388429752066,3.5,4.2,3.85,"주석이 잘 정리되어 있으나, 빈 줄 비율이 높아 코드 블록 간의 연결성이 떨어진다.","The code has clear naming conventions and good comment quality, but the average line length is somewhat high, which may affect readability.","The layout score indicates issues with connectivity due to high blank line ratios, while the text score highlights good naming and comments but notes high line length. The final score reflects a balance between these strengths and weaknesses."
282,3.3333333333333335,3.5,3.5,3.5,"코드의 빈 줄 비율이 높아 가독성이 떨어지며, 주석 정렬은 양호하지만 전체적인 밀도가 낮아 보입니다.","The code has good naming conventions and adequate comments, but the complexity of the loops and the lack of blank lines reduce readability.","Both evaluations highlight issues with readability due to high blank line ratios and complex loops, while also acknowledging good naming conventions and comment quality. This balance leads to a final score of 3.5."
40,3.5319148936170213,2.5,4.2,3.3499999999999996,"높은 빈 줄 비율과 낮은 문자 밀도로 인해 코드 가독성이 떨어지며, 블록 구분이 명확하지 않다.","The code demonstrates good naming conventions and consistent indentation, with clear and informative comments, although the average line length could be improved for better readability.","레이아웃에서의 낮은 문자 밀도와 높은 빈 줄 비율이 가독성을 저해하지만, 텍스트에서의 좋은 네이밍 규칙과 일관된 들여쓰기가 이를 어느 정도 보완하여 중간 점수를 부여하였다."
193,3.3801652892561984,2.5,4.0,3.25,"들여쓰기와 빈 줄 비율이 불균형하여 가독성이 떨어지며, 코드 블록 간의 전환이 부족해 구조가 단조롭다.","The code has clear naming conventions and consistent indentation, but lacks comments for better understanding.","레이아웃에서의 가독성 문제와 텍스트의 명확한 네이밍이 상충하여 중간 점수를 부여하였습니다. 전반적으로 개선이 필요하지만, 텍스트의 일관성은 긍정적입니다."
63,2.747422680412371,2.5,3.5,3.0,"들여쓰기와 빈 줄 비율이 불균형하여 가독성이 떨어지며, 코드 블록 간의 구분이 명확하지 않다.","코드는 전반적으로 가독성이 있지만, 중첩 깊이가 다소 깊고 명확한 변수 이름이 부족하여 이해하기 어려운 부분이 존재한다.","레이아웃의 불균형과 코드 블록 간의 구분 부족으로 가독성이 떨어지며, 중첩 깊이와 변수 이름의 명확성 부족이 이해를 어렵게 하여 중간 점수를 부여하였다."
274,4.111111111111111,3.5,3.5,3.5,"들여쓰기와 블록 구분은 양호하나, 빈 줄 비율이 높아 가독성이 떨어짐.","The code has a reasonable structure and uses clear naming conventions, but it suffers from high nesting depth and lacks comments, which affects overall readability.","레이아웃과 텍스트 모두에서 가독성에 대한 문제점이 존재하지만, 구조와 명명 규칙이 양호하여 평균적인 점수를 유지하고 있습니다."
235,2.6666666666666665,2.5,3.5,3.0,"들여쓰기와 빈 줄 비율이 불균형하여 가독성이 떨어지며, 코드 블록 간의 구분이 명확하지 않음.","The code has a reasonable structure and naming conventions, but it suffers from high nesting depth and lacks comments, which affects readability.","레이아웃과 텍스트 평가 모두 가독성에 부정적인 요소가 있으며, 특히 들여쓰기와 빈 줄 비율의 불균형, 높은 중첩 깊이와 주석 부족이 문제로 지적되었다."
22,3.865079365079365,2.5,4.0,3.25,"높은 빈 줄 비율과 낮은 문자 밀도로 인해 코드 가독성이 떨어지며, 블록 구분이 명확하지 않다.","The code has clear naming conventions and consistent indentation, but could benefit from additional comments and reduced blank lines for improved readability.","레이아웃에서의 문제점이 가독성을 크게 저해하고 있지만, 텍스트의 명확한 네이밍과 일관된 들여쓰기가 이를 어느 정도 보완하고 있어 중간 점수를 부여하였다."
135,1.834710743801653,2.5,3.5,3.0,"들여쓰기와 빈 줄 비율이 불균형하여 가독성이 떨어지고, 블록 전환이 적어 코드 구조가 단조롭다.","The code has good variable naming and is mostly readable, but the average line length is quite long, and there are no comments to explain the logic, which affects overall clarity.","레이아웃의 불균형과 긴 코드 라인 길이로 인해 가독성이 저하되었지만, 변수 명명과 전반적인 가독성은 양호하여 중간 점수를 부여하였다."
309,2.888888888888889,3.5,3.5,3.5,들여쓰기가 일관되지만 빈 줄 비율이 높아 코드 블록이 분리되어 가독성이 떨어진다.,"코드는 전반적으로 잘 구조화되어 있으며, 주석이 적절하게 사용되어 있지만, 복잡한 조건문과 긴 라인으로 인해 가독성이 다소 떨어진다.","들여쓰기가 일관되지만 빈 줄 비율이 높아 가독성이 떨어지며, 복잡한 조건문과 긴 라인으로 인해 전반적인 가독성이 저하되었다."
176,3.6115702479338845,3.5,4.0,3.75,"주석과 코드 간의 간격이 적절하나, 빈 줄 비율이 높아 가독성이 떨어짐.","The code is clear and concise with meaningful naming, consistent indentation, and a good balance of comments, but could benefit from additional context in the comments for better understanding.","The layout has some issues with excessive blank lines affecting readability, while the text is clear and well-structured. The final score reflects a balance between these strengths and weaknesses."
183,2.652892561983471,2.5,4.0,3.25,"들여쓰기와 빈 줄 비율이 불균형하여 가독성이 떨어지며, 블록 전환이 적어 코드 구조가 단조롭다.","코드는 명확한 네이밍과 일관된 들여쓰기를 가지고 있으며, 중첩 깊이가 낮아 가독성이 좋지만, 주석이 없어 코드의 의도를 이해하는 데 어려움이 있을 수 있다.","레이아웃에서의 가독성 문제와 텍스트의 명확한 네이밍이 상충하여 중간 점수를 부여하였으며, 주석 부족으로 인해 코드 의도 파악이 어려운 점이 아쉬움으로 작용했다."
49,3.606425702811245,3.5,4.0,3.75,"들여쓰기가 일관되지만 빈 줄 비율이 높아 가독성이 떨어지고, 코드 블록이 분리되어 있어 전체적인 흐름이 매끄럽지 않다.","The code demonstrates good naming conventions and consistent indentation, but could benefit from additional comments for clarity and slightly reduced complexity in the equals method.","레이아웃과 텍스트 평가에서 각각의 장단점이 존재하지만, 가독성을 높이기 위한 개선 사항이 필요하므로 중간 점수를 부여하였다."
194,3.809917355371901,2.5,3.5,3.0,"들여쓰기와 빈 줄 비율이 불균형하여 가독성이 떨어지며, 블록 전환이 적어 코드 구조가 단조롭다.","The code has clear variable names and reasonable indentation, but lacks comments and has a moderate depth of nesting, which could impact readability.","레이아웃에서의 문제로 가독성이 떨어지지만, 텍스트에서 변수 이름과 들여쓰기가 적절하여 어느 정도 균형을 이루고 있어 중간 점수를 부여하였다."
402,3.3333333333333335,2.5,4.0,3.25,"들여쓰기와 빈 줄 비율이 불균형하여 가독성이 떨어지며, 블록 구분이 명확하지 않음.","The code demonstrates good naming conventions and consistent indentation, but it lacks comments and could benefit from clearer separation of logic for improved readability.",레이아웃에서의 가독성 문제와 텍스트의 명명 규칙 및 일관된 들여쓰기가 혼합되어 최종 점수가 중간 수준으로 결정되었습니다. 주석 부족과 블록 구분의 명확성 결여가 전체적인 가독성을 저해하고 있습니다.
411,4.444444444444445,3.5,4.0,3.75,들여쓰기가 일관되지만 빈 줄 비율이 높아 코드 블록이 분리되어 가독성이 떨어진다.,"코드는 명확한 네이밍과 일관된 들여쓰기를 유지하고 있으며, 함수의 길이가 적절하고 중첩 깊이가 낮아 가독성이 좋지만, 주석이 전혀 없어 이해를 돕기 위한 추가 설명이 필요하다.","레이아웃은 일관성을 유지하고 있으나 빈 줄 비율이 높아 가독성이 떨어지며, 텍스트는 명확한 네이밍과 적절한 함수 길이로 가독성이 좋지만 주석이 부족하여 이해를 돕기 위한 추가 설명이 필요하다."
172,2.644628099173554,2.5,4.0,3.25,"들여쓰기와 빈 줄 비율이 불균형하여 가독성이 떨어지며, 블록 전환이 적어 구조가 단조롭다.","코드는 전반적으로 가독성이 좋고, 네이밍이 직관적이며, 들여쓰기가 일관되지만 주석이 없어 코드의 의도를 이해하는 데 어려움이 있을 수 있다.","레이아웃에서의 불균형과 단조로운 구조가 가독성을 저해하지만, 텍스트의 전반적인 가독성과 직관적인 네이밍이 이를 어느 정도 보완하여 중간 점수를 부여하였다."
110,3.569948186528497,3.5,3.5,3.5,들여쓰기가 일관되지만 빈 줄 비율이 높아 코드 블록이 분리되어 가독성이 떨어진다.,"The code demonstrates good naming conventions and consistent indentation, but lacks comments and has a moderate function length, which affects overall readability.","Both evaluations highlight consistent indentation but point out issues with readability due to high blank line ratios and lack of comments, leading to an overall moderate score."
79,2.818713450292398,2.5,3.5,3.0,"높은 빈 줄 비율과 낮은 문자 밀도로 인해 코드의 가독성이 떨어지며, 블록 구분이 명확하지 않다.","코드는 전반적으로 가독성이 좋지만, 예외 처리와 중첩 깊이가 다소 복잡하여 이해하기 어려운 부분이 있으며, 주석이 없어 코드의 의도를 파악하기 힘든 점이 아쉽다.","레이아웃에서의 가독성 문제와 텍스트의 복잡성이 상충하여 중간 점수를 부여하였으며, 주석 부족이 코드 이해를 어렵게 만든 점이 아쉽다."
386,3.6666666666666665,3.5,3.5,3.5,"들여쓰기와 주석 정렬이 일관되지 않으며, 빈 줄 비율이 높아 가독성이 떨어지지만, 코드 블록 구분은 적절하다.","The code has consistent naming conventions and indentation, but lacks comments for clarity and has a relatively long function length with repetitive assertions.","Both evaluations highlight issues with consistency and clarity, particularly in comments and function length, while acknowledging some strengths in naming conventions and code block separation."
174,3.603305785123967,2.5,4.0,3.25,"높은 빈 줄 비율과 낮은 문자 밀도로 인해 코드의 가독성이 떨어지며, 블록 구분이 명확하지 않다.","코드는 명확한 네이밍과 주석이 있어 이해하기 쉽고, 일관된 들여쓰기를 유지하지만, 중첩 깊이가 다소 깊어 가독성이 떨어질 수 있다.","레이아웃에서의 가독성 문제와 높은 중첩 깊이로 인해 전반적인 가독성이 저하되었지만, 텍스트의 명확한 네이밍과 주석이 이를 어느 정도 보완하고 있어 중간 점수를 부여하였다."
405,3.888888888888889,2.5,4.0,3.25,"들여쓰기와 빈 줄 비율이 불균형하여 가독성이 떨어지며, 코드 블록이 분리되어 있어 전체적인 흐름이 원활하지 않다.","The code has consistent naming conventions and indentation, with a clear structure and low complexity, but lacks comments for better understanding.","레이아웃에서의 가독성 문제로 인해 점수가 낮아졌지만, 텍스트의 일관성과 구조가 긍정적인 요소로 작용하여 중간 점수를 부여하였다."
357,3.0,3.5,3.5,3.5,들여쓰기가 일관되지만 빈 줄 비율이 높아 코드 블록이 분리되어 가독성이 떨어진다.,"코드는 전반적으로 잘 구조화되어 있으나, 중첩 깊이가 다소 깊고 주석이 부족하여 가독성이 떨어질 수 있다.","들여쓰기가 일관되지만 빈 줄 비율이 높아 가독성이 떨어지며, 중첩 깊이가 깊고 주석이 부족하여 전반적인 가독성에 부정적인 영향을 미친다."
81,3.6809815950920246,3.0,4.0,3.5,"코드의 빈 줄 비율이 높고, 행당 문자 밀도가 낮아 가독성이 떨어지며, 블록 구분이 명확하지 않음.","The code demonstrates good naming conventions and consistent indentation, but could benefit from additional comments for clarity.",average of two agents
3,3.6324786324786325,3.0,3.0,3.0,들여쓰기가 불일치하고 빈 줄 비율이 높아 가독성이 떨어지며 블록 구분이 명확하지 않음.,fallback,average of two agents
142,2.7355371900826446,3.5,3.0,3.25,"주석은 잘 정리되어 있으나, 빈 줄 비율이 높아 코드 블록이 분리되어 있어 가독성이 떨어진다.",fallback,average of two agents
301,4.333333333333333,3.5,3.5,3.5,"들여쓰기가 일관되지만 빈 줄 비율이 높아 가독성이 떨어지며, 주석 정렬이 다소 불규칙하다.","The code is generally clear and follows consistent indentation, but the query string is complex and could benefit from additional comments for better understanding.",average of two agents
229,3.7777777777777777,3.5,4.2,3.85,"코드의 빈 줄 비율이 높아 블록이 분리되어 있지만, 주석이 잘 정리되어 있어 가독성이 유지되고 있다.","The code is well-structured with clear naming conventions and adequate comments, but the nested loop could be simplified for better readability.",average of two agents
112,3.971830985915493,2.5,3.0,2.75,"코드 블록 간의 빈 줄 비율이 지나치게 높아 가독성이 떨어지며, 전반적으로 단조로운 구조로 인해 흥미를 유발하지 못함.",fallback,average of two agents
214,4.074380165289257,2.5,3.0,2.75,"코드의 빈 줄 비율이 지나치게 높아 가독성이 떨어지며, 전반적으로 구조가 단조롭고 밀도가 낮아 개선이 필요하다.",fallback,average of two agents
408,3.888888888888889,3.5,3.0,3.25,"코드의 빈 줄 비율이 높아 블록들이 분리되어 있으며, 전반적으로 가독성이 떨어지는 경향이 있다.",fallback,average of two agents
359,4.111111111111111,2.5,3.5,3.0,높은 빈 줄 비율과 낮은 문자 밀도로 인해 가독성이 떨어짐. 그러나 적절한 들여쓰기와 블록 구조가 있어 기본적인 가독성은 유지됨.,"The code has consistent naming conventions and indentation, but the lack of comments and relatively long lines reduce overall readability.","레이아웃과 텍스트 모두에서 가독성에 대한 문제점이 존재하지만, 기본적인 구조와 일관된 명명 규칙이 있어 중간 정도의 가독성을 유지하고 있습니다."
332,3.888888888888889,3.5,4.0,3.75,들여쓰기가 일관되지만 빈 줄 비율이 높아 코드 블록이 분리되어 있어 가독성이 떨어진다.,"The code has clear naming conventions and consistent indentation, but could benefit from additional comments for improved clarity.","The consistent indentation and clear naming conventions contribute positively to readability, but the high ratio of blank lines and lack of comments hinder overall clarity."
366,2.7777777777777777,2.5,3.5,3.0,"들여쓰기와 빈 줄 비율이 불균형하여 가독성이 떨어지며, 블록 구분이 명확하지 않음.","코드는 전반적으로 명확한 네이밍과 일관된 들여쓰기를 가지고 있지만, 중첩 깊이가 낮고 주석이 전혀 없어 가독성이 다소 떨어진다.","레이아웃에서의 불균형과 블록 구분의 부족이 가독성을 저해하고, 텍스트의 중첩 깊이와 주석 부족이 추가적인 문제를 야기하여 최종 점수를 중간 수준으로 조정하였다."
101,3.479591836734694,3.5,3.5,3.5,"들여쓰기와 빈 줄 비율이 다소 일관성이 부족하지만, 코드 블록 구분이 명확하여 가독성이 유지되고 있다.","코드는 전반적으로 가독성이 좋지만, 중첩 깊이가 다소 깊고 주석이 없어 이해하기 어려운 부분이 있어 개선이 필요하다.","레이아웃과 텍스트 모두 가독성이 좋지만, 일관성 부족과 중첩 깊이, 주석 부족으로 인해 개선이 필요하다."
287,4.666666666666667,2.5,4.5,3.5,"들여쓰기와 빈 줄 비율이 불균형하여 가독성이 떨어지며, 코드 블록 간의 구분이 명확하지 않음.","The code has clear and descriptive naming conventions, consistent indentation, and a low level of complexity, but could benefit from additional inline comments for improved clarity.","레이아웃에서의 가독성 문제로 인해 점수가 낮아졌지만, 텍스트의 명확한 네이밍과 일관된 들여쓰기가 긍정적인 요소로 작용하여 중간 점수를 부여하였다."
13,3.459016393442623,2.5,3.5,3.0,"들여쓰기와 빈 줄 비율이 불균형하여 가독성이 떨어지며, 코드 블록 간의 구분이 명확하지 않음.","The code has a clear structure and consistent indentation, but lacks descriptive comments and has a potentially long loop without clear exit conditions, which affects readability.","레이아웃에서의 불균형과 코드 블록 간의 구분 부족이 가독성을 저해하고, 텍스트에서는 구조가 명확하나 주석 부족과 긴 루프의 명확한 종료 조건 결여가 문제로 지적되어 중간 점수를 부여하였다."
308,3.6666666666666665,3.0,4.0,3.5,"들여쓰기와 빈 줄 비율이 불균형하여 가독성이 떨어지지만, 블록 구분은 명확하다.","The code has consistent naming conventions and indentation, but lacks comments for clarity, which affects its overall readability.","레이아웃의 불균형이 가독성을 저해하지만, 텍스트의 일관된 명명 규칙과 들여쓰기가 긍정적인 요소로 작용하여 중간 점수를 부여하였다."
258,4.222222222222222,3.5,4.0,3.75,주석 정렬과 들여쓰기는 양호하나 빈 줄 비율이 높아 가독성이 떨어짐.,"The code is well-structured with clear naming conventions and consistent indentation, but could benefit from additional comments explaining the purpose of each serialization step.",average of two agents
119,3.160220994475138,3.5,3.5,3.5,"들여쓰기가 일관되지만 빈 줄 비율이 높아 가독성이 떨어지고, 코드 블록 간의 구분이 명확하지 않음.","코드는 전반적으로 가독성이 있지만, 예외 처리와 반복문이 중첩되어 있어 복잡성을 증가시키며, 주석이 없어 코드의 의도를 이해하기 어렵다.",average of two agents
111,3.7451923076923075,3.5,3.5,3.5,들여쓰기가 일관되지만 빈 줄 비율이 높아 코드 블록이 분리되어 있어 가독성이 떨어진다.,"코드는 전반적으로 가독성이 좋지만, 예외 처리 부분에서 명확한 주석이 부족하고, 중첩 루프가 있어 가독성이 다소 떨어진다.",average of two agents
47,2.4827586206896552,2.5,4.0,3.25,"높은 빈 줄 비율로 인해 코드 블록이 분리되어 가독성이 떨어지며, 전반적인 일관성이 부족하다.","코드는 명확한 네이밍과 일관된 들여쓰기를 사용하고 있으며, 중첩 깊이가 낮아 가독성이 좋지만 주석이 없어 코드의 의도를 이해하는 데 어려움이 있을 수 있다.",average of two agents
15,3.129032258064516,3.5,3.0,3.25,"코드의 들여쓰기는 일관성이 있지만, 빈 줄 비율이 높아 가독성이 떨어지고 블록 구분이 명확하지 않다.",fallback,average of two agents
16,2.0458715596330275,2.5,3.0,2.75,"높은 빈 줄 비율과 낮은 문자 밀도로 인해 코드 가독성이 떨어지며, 블록 구분이 명확하지 않다.",fallback,average of two agents
216,3.809917355371901,3.5,4.0,3.75,"주석과 코드 간의 일관성이 있지만, 빈 줄 비율이 높아 가독성이 떨어진다.","The code has clear naming conventions and good comment quality, but the average line length could be improved for better readability.",average of two agents
302,3.7777777777777777,3.5,3.5,3.5,들여쓰기가 일관되지만 빈 줄 비율이 높아 코드 블록이 분리되어 있어 가독성이 떨어진다.,"The code is generally well-structured with consistent naming and indentation, but it lacks detailed comments and has a moderate level of complexity that could be simplified for better readability.",average of two agents
